{
  "equalized_odds_difference": 0.6169354838709677,
  "abs_equalized_odds_difference": 0.6169354838709677,
  "max_allowed": 0.55,
  "gate_passed": false
}